[{"model": "auth.user", "pk": 1, "fields": {"password": "pbkdf2_sha256$1000000$j8HHUjgJ7VTK5nofSFlT7E$fFR52idzltj/MtpG7FGkDpQKoV909kDp6yDLiYNy9Rg=", "last_login": "2025-11-18T07:46:15.080Z", "is_superuser": false, "username": "yeoni", "first_name": "", "last_name": "", "email": "happyksy@naver.com", "is_staff": false, "is_active": true, "date_joined": "2025-11-17T16:27:37.416Z", "groups": [], "user_permissions": []}}, {"model": "sessions.session", "pk": "uxyp5pf8ueuqkr3ozn8fysg115byvcvy", "fields": {"session_data": ".eJxVjDsOwjAQBe_iGln-RjYlPWew1rtrHEC2FCcV4u4QKQW0b2beSyTY1pq2wUuaSZyFFqffLQM-uO2A7tBuXWJv6zJnuSvyoENeO_Hzcrh_BxVG_daueJt9iUzAoGzmQBhKRO2MAeRS7BTRTQW0t86igmyCsRgMucwKSLw_FkI5Eg:1vLGPn:3aFrsOyTaly9dCFfxKhV1bevLNe5VMpDdCCHn-n478c", "expire_date": "2025-12-02T07:46:15.085Z"}}, {"model": "words.word", "pk": 1, "fields": {"text": "코드", "search_count": 1, "is_frequent": false}}, {"model": "words.word", "pk": 2, "fields": {"text": "코드", "search_count": 1, "is_frequent": false}}, {"model": "words.word", "pk": 3, "fields": {"text": "코딩", "search_count": 4, "is_frequent": true}}, {"model": "words.word", "pk": 4, "fields": {"text": "사진", "search_count": 4, "is_frequent": true}}, {"model": "words.word", "pk": 5, "fields": {"text": "화장", "search_count": 2, "is_frequent": false}}, {"model": "words.word", "pk": 6, "fields": {"text": "선풍기", "search_count": 2, "is_frequent": false}}, {"model": "words.word", "pk": 7, "fields": {"text": "사전", "search_count": 2, "is_frequent": false}}, {"model": "words.definition", "pk": 1, "fields": {"word": 1, "text": "현악기에서 소리를 내는 가늘고 긴 물건."}}, {"model": "words.definition", "pk": 2, "fields": {"word": 1, "text": "어떤 사회나 계급, 직업 따위에서의 규약이나 관례."}}, {"model": "words.definition", "pk": 3, "fields": {"word": 1, "text": "가느다란 여러 개의 구리줄을 절연 재료로 싼 전깃줄."}}, {"model": "words.definition", "pk": 4, "fields": {"word": 1, "text": "부피의 단위. 목재의 부피를 계산할 때 쓴다. 1코드는 128세제곱 피트로 약 3.6246㎥에 해당한다."}}, {"model": "words.definition", "pk": 5, "fields": {"word": 2, "text": "현악기에서 소리를 내는 가늘고 긴 물건."}}, {"model": "words.definition", "pk": 6, "fields": {"word": 2, "text": "어떤 사회나 계급, 직업 따위에서의 규약이나 관례."}}, {"model": "words.definition", "pk": 7, "fields": {"word": 2, "text": "가느다란 여러 개의 구리줄을 절연 재료로 싼 전깃줄."}}, {"model": "words.definition", "pk": 8, "fields": {"word": 2, "text": "부피의 단위. 목재의 부피를 계산할 때 쓴다. 1코드는 128세제곱 피트로 약 3.6246㎥에 해당한다."}}, {"model": "words.definition", "pk": 9, "fields": {"word": 3, "text": "어떤 일의 자료나 대상에 대하여 기호를 부여하는 일."}}, {"model": "words.definition", "pk": 10, "fields": {"word": 4, "text": "벼슬아치가 규정된 시간에 근무지로 출근함."}}, {"model": "words.definition", "pk": 11, "fields": {"word": 4, "text": "조선 시대에, 궁중에서 쓰는 생선·고기·소금·땔나무·숯 따위를 공급하던 관아. 태조 원년(1392)에 설치하여 고종 19년(1882)에 없앴다."}}, {"model": "words.definition", "pk": 12, "fields": {"word": 4, "text": "연기와 같이 자욱하게 일어나는 모래 섞인 흙먼지."}}, {"model": "words.definition", "pk": 13, "fields": {"word": 4, "text": "예전에, 묵힌 땅에 대한 실태를 조사하던 일."}}, {"model": "words.definition", "pk": 14, "fields": {"word": 4, "text": "맥과 연결된 실의 끝을 잡고 그 감촉으로 살피는 진맥. 부녀자의 몸에 손을 대거나 마주 보지 않도록 벽을 사이하여 진맥한다."}}, {"model": "words.definition", "pk": 15, "fields": {"word": 4, "text": "물체의 형상을 감광막 위에 나타나도록 찍어 오랫동안 보존할 수 있게 만든 영상. 물체로부터 오는 광선을 사진기 렌즈로 모아 필름, 건판 따위에 결상(結像)을 시킨 뒤에, 이것을 현상액으로 처리하여 음화(陰畫)를 만들고 다시 인화지로 양화(陽畫)를 만든다."}}, {"model": "words.definition", "pk": 16, "fields": {"word": 5, "text": "저고리의 깃고대 중심에서 소매 끝까지의 길이."}}, {"model": "words.definition", "pk": 17, "fields": {"word": 5, "text": "화장품을 바르거나 문질러 얼굴을 곱게 꾸밈."}}, {"model": "words.definition", "pk": 18, "fields": {"word": 5, "text": "배에서 밥 짓는 일을 맡은 사람."}}, {"model": "words.definition", "pk": 19, "fields": {"word": 5, "text": "아궁이 따위에 불을 땔 때에, 불을 헤치거나 끌어내거나 거두어 넣거나 하는 데 쓰는 가느스름한 막대기."}}, {"model": "words.definition", "pk": 20, "fields": {"word": 5, "text": "시체를 불에 살라 장사 지냄."}}, {"model": "words.definition", "pk": 21, "fields": {"word": 5, "text": "예전에, 중앙 관아에 속하여 금은으로 장식한 띠를 만드는 일을 맡아 하던 사람."}}, {"model": "words.definition", "pk": 22, "fields": {"word": 5, "text": "예전에, 인조(人造) 꽃을 만드는 일을 맡아 하던 사람."}}, {"model": "words.definition", "pk": 23, "fields": {"word": 5, "text": "그림 그리는 것을 직업으로 하는 사람."}}, {"model": "words.definition", "pk": 24, "fields": {"word": 5, "text": "사슴 가죽으로 목화(木靴)를 만드는 일을 맡아 하던 사람."}}, {"model": "words.definition", "pk": 25, "fields": {"word": 6, "text": "회전축에 붙은 날개를 전동기로 돌려 바람을 일으키는 장치."}}, {"model": "words.definition", "pk": 26, "fields": {"word": 7, "text": "문헌 사료가 전혀 존재하지 않는 시대. 석기 시대와 청동기 시대를 이른다."}}, {"model": "words.definition", "pk": 27, "fields": {"word": 7, "text": "역사와 전기(傳記)를 아울러 이르는 말."}}, {"model": "words.definition", "pk": 28, "fields": {"word": 7, "text": "절이 소유하고 있는 밭."}}, {"model": "words.definition", "pk": 29, "fields": {"word": 7, "text": "신라에서, 예부에 소속되어 사찰(寺刹)에 관한 일을 맡아보던 관아."}}, {"model": "words.definition", "pk": 30, "fields": {"word": 7, "text": "살아 있는 동안."}}, {"model": "words.definition", "pk": 31, "fields": {"word": 7, "text": "죽기를 각오하고 싸움. 또는 그런 싸움."}}, {"model": "words.definition", "pk": 32, "fields": {"word": 7, "text": "개인 소유의 논밭."}}, {"model": "words.definition", "pk": 33, "fields": {"word": 7, "text": "개인의 사사로운 전보."}}, {"model": "words.definition", "pk": 34, "fields": {"word": 7, "text": "국가의 선전 포고 없이 개인이나 사사로운 단체가 외국에 대하여 전투를 하는 행위. 성격상 애국적인 행위일지라도 국제법에서는 범죄로 간주한다."}}, {"model": "words.definition", "pk": 35, "fields": {"word": 7, "text": "‘사천’의 원말."}}, {"model": "words.bookmark", "pk": 1, "fields": {"user": 1, "word": 5}}, {"model": "words.bookmark", "pk": 2, "fields": {"user": 1, "word": 6}}, {"model": "words.bookmark", "pk": 3, "fields": {"user": 1, "word": 7}}]